우편번호,주소,법정동코드,건물명,위도,경도
01662,서울특별시 노원구 한글비석로20길 37,1135010600,,127.0738531,37.6603183
01662,서울특별시 노원구 한글비석로20길 43,1135010600,,127.0744585,37.6613189
01662,서울특별시 노원구 한글비석로20길 47,1135010600,,127.0740844,37.6608557
01662,서울특별시 노원구 한글비석로20길 23,1135010600,,127.0835010,37.6409566
01662,서울특별시 노원구 한글비석로20길 53,1135010600,,127.0836262,37.6421127
01733,서울특별시 노원구 중계로2길 28,1135010600,,127.0741945,37.6611165
01732,서울특별시 노원구 중계로2길 55,1135010600,,127.0746120,37.6614406
01730,서울특별시 노원구 중계로2길 54,1135010600,,127.0837782,37.6419447
01730,서울특별시 노원구 중계로2길 52,1135010600,,127.0837962,37.6420461
01730,서울특별시 노원구 중계로4바길 18,1135010600,,127.0846921,37.6433893
01730,서울특별시 노원구 중계로4바길 5,1135010600,,127.0845857,37.6433227
01722,서울특별시 노원구 중계로16다길 41,1135010600,,127.0845181,37.6512008
01730,서울특별시 노원구 중계로4바길 6,1135010600,,127.0851392,37.6430894
01730,서울특별시 노원구 중계로4바길 5,1135010600,,127.0855930,37.6430445
01730,서울특별시 노원구 중계로4바길 25,1135010600,,127.0855263,37.6431710
01730,서울특별시 노원구 중계로4바길 27,1135010600,,127.0740812,37.6607666
01662,서울특별시 노원구 한글비석로20길 35,1135010600,,127.0846921,37.6433893
01662,서울특별시 노원구 한글비석로20길 38,1135010600,,127.0737890,37.6602093
01662,서울특별시 노원구 한글비석로20길 21,1135010600,,127.0737215,37.6596621
01662,서울특별시 노원구 한글비석로20길 16,1135010600,,127.0743035,37.6608106
01662,서울특별시 노원구 한글비석로20길 10,1135010600,,127.0738546,37.6598766
01662,서울특별시 노원구 한글비석로20길 23,1135010600,,127.0740812,37.6607666
01662,서울특별시 노원구 한글비석로20길 35,1135010600,,127.0738531,37.6603183
01662,서울특별시 노원구 한글비석로20길 23,1135010600,,127.0778633,37.6600635
01717,서울특별시 노원구 덕릉로82길 76,1135010600,,127.0738531,37.6603183
01717,서울특별시 노원구 덕릉로82길 72,1135010600,,127.0779398,37.6599317
01662,서울특별시 노원구 덕릉로83길 18,1135010600,,127.0838645,37.6425094
01730,서울특별시 노원구 중계로2마길 3,1135010600,,127.0744187,37.6601354
01730,서울특별시 노원구 중계로2마길 10,1135010600,,127.0840758,37.6422046
01730,서울특별시 노원구 중계로2마길 11,1135010600,,127.0842080,37.6423871
01730,서울특별시 노원구 중계로2마길 19,1135010600,,127.0844643,37.6423822
01730,서울특별시 노원구 중계로2마길 3,1135010600,,127.0838645,37.6425094
01730,서울특별시 노원구 중계로2마길 23,1135010600,,127.0738531,37.6603183
01662,서울특별시 노원구 한글비석로20길 23,1135010600,,127.0746277,37.6612676
01662,서울특별시 노원구 한글비석로20길 31,1135010600,,127.0846889,37.6424408
01662,서울특별시 노원구 한글비석로20길 52,1135010600,,127.0739436,37.6606029
01662,서울특별시 노원구 한글비석로20길 15,1135010600,,127.0735253,37.6602608
01662,서울특별시 노원구 한글비석로20길 15,1135010600,,127.0735253,37.6602608
01662,서울특별시 노원구 한글비석로20길 27,1135010600,,127.0739085,37.6604417
01662,서울특별시 노원구 한글비석로20길 27,1135010600,,127.0739085,37.6604417
01730,서울특별시 노원구 중계로4나길 35,1135010600,,127.0853380,37.6422427
01731,서울특별시 노원구 중계로4마길 23,1135010600,,127.0865367,37.6409877
01731,서울특별시 노원구 중계로4나길 51,1135010600,,127.0856372,37.6416131
01731,서울특별시 노원구 중계로4나길 55,1135010600,,127.0857315,37.6414638
01731,서울특별시 노원구 중계로4나길 51,1135010600,,127.0856372,37.6416131
01730,서울특별시 노원구 중계로4나길 10,1135010600,,127.0844287,37.6430439
01731,서울특별시 노원구 중계로4나길 47,1135010600,,127.0855727,37.6417526
01731,서울특별시 노원구 중계로4길 88,1135010600,,127.0868079,37.6415708
01729,서울특별시 노원구 중계로4길 116,1135010600,,127.0877014,37.6414310
01729,서울특별시 노원구 중계로4길 118,1135010600,,127.0875596,37.6415369
01729,서울특별시 노원구 중계로4길 120,1135010600,,127.0874307,37.6416718
01733,서울특별시 노원구 중계로2가길 19,1135010600,,127.0838767,37.6405252
01733,서울특별시 노원구 중계로2가길 5,1135010600,,127.0835201,37.6405707
01716,서울특별시 노원구 덕릉로94길 30,1135010600,,127.0775607,37.6622380
01731,서울특별시 노원구 중계로2라길 18,1135010600,,127.0846821,37.6417517
01730,서울특별시 노원구 중계로2라길 15,1135010600,,127.0845478,37.6418552
01730,서울특별시 노원구 중계로2라길 11,1135010600,,127.0843535,37.6418573
01730,서울특별시 노원구 중계로2라길 23,1135010600,,127.0849304,37.6419051
01730,서울특별시 노원구 중계로2라길 9,1135010600,,127.0841220,37.6418130
01730,서울특별시 노원구 중계로2라길 19,1135010600,,127.0847142,37.6418940
01731,서울특별시 노원구 중계로2라길 12,1135010600,,127.0843908,37.6417284
01730,서울특별시 노원구 중계로2라길 17,1135010600,,127.0846401,37.6418619
01730,서울특별시 노원구 중계로2라길 11,1135010600,,127.0843535,37.6418573
01722,서울특별시 노원구 중계로16가길 7,1135010600,,127.0817160,37.6511319
01722,서울특별시 노원구 중계로16가길 1,1135010600,,127.0814292,37.6511731
01722,서울특별시 노원구 중계로14사길 21,1135010600,,127.0838449,37.6502552
01722,서울특별시 노원구 중계로14사길 4,1135010600,,127.0827351,37.6500172
01722,서울특별시 노원구 중계로14사길 16,1135010600,,127.0833807,37.6501591
01722,서울특별시 노원구 중계로14사길 7,1135010600,,127.0829170,37.6501890
01729,서울특별시 노원구 중계로6길 27,1135010600,,127.0848494,37.6439099
01729,서울특별시 노원구 중계로6길 23,1135010600,,127.0845957,37.6439538
01729,서울특별시 노원구 중계로4길 110,1135010600,,127.0877461,37.6411388
01731,서울특별시 노원구 중계로4길 102,1135010600,,127.0872462,37.6410258
01729,서울특별시 노원구 중계로4길 103,1135010600,,127.0873312,37.6412534
01729,서울특별시 노원구 중계로4길 51,1135010600,,127.0860959,37.6431759
01729,서울특별시 노원구 중계로4길 93,1135010600,,127.0870685,37.6414284
01730,서울특별시 노원구 중계로4나길 9,1135010600,,127.0845361,37.6431278
01662,서울특별시 노원구 한글비석로20길 23,1135010600,,127.0738531,37.6603183
01662,서울특별시 노원구 한글비석로20길 39,1135010600,,127.0741336,37.6609366
01662,서울특별시 노원구 한글비석로20길 52,1135010600,,127.0746277,37.6612676
01662,서울특별시 노원구 한글비석로20길 65,1135010600,,127.0736731,37.6600274
01662,서울특별시 노원구 한글비석로20길 17,1135010600,,127.0750942,37.6619002
01662,서울특별시 노원구 한글비석로20길 52,1135010600,,127.0746277,37.6612676
01732,서울특별시 노원구 중계로2길 39,1135010600,,127.0835600,37.6414121
01730,서울특별시 노원구 중계로2길 68,1135010600,,127.0838143,37.6426306
01722,서울특별시 노원구 중계로16다길 17,1135010600,,127.0831050,37.6514678
01730,서울특별시 노원구 중계로2라길 5,1135010600,,127.0840076,37.6418360
01730,서울특별시 노원구 중계로2라길 5,1135010600,,127.0840076,37.6418360
01730,서울특별시 노원구 중계로2라길 11,1135010600,,127.0843535,37.6418573
01717,서울특별시 노원구 한글비석로14길 26,1135010600,,127.0770374,37.6584900
01719,서울특별시 노원구 한글비석로12길 51,1135010600,,127.0803507,37.6549501
01662,서울특별시 노원구 한글비석로22길 62,1135010600,,127.0750290,37.6618449
01662,서울특별시 노원구 한글비석로22길 24,1135010600,,127.0737236,37.6605957
01662,서울특별시 노원구 한글비석로22길 32,1135010600,,127.0739643,37.6608974
01662,서울특별시 노원구 한글비석로22길 22,1135010600,,127.0736722,37.6605459
01662,서울특별시 노원구 한글비석로22길 36,1135010600,,127.0740505,37.6609990
01662,서울특별시 노원구 한글비석로22길 30,1135010600,,127.0827616,37.6496955
01722,서울특별시 노원구 중계로14라길 12,1135010600,,127.0739143,37.6608547
01722,서울특별시 노원구 중계로16다길 39,1135010600,,127.0843526,37.6512352
01722,서울특별시 노원구 중계로16다길 33,1135010600,,127.0839911,37.6513385
01733,서울특별시 노원구 중계로2가길 1,1135010600,,127.0834817,37.6407593
01731,서울특별시 노원구 중계로2가길 35,1135010600,,127.0846125,37.6408030
01733,서울특별시 노원구 중계로2가길 17,1135010600,,127.0837543,37.6405078
01733,서울특별시 노원구 중계로2가길 18,1135010600,,127.0838630,37.6404022
01733,서울특별시 노원구 중계로2가길 20,1135010600,,127.0839188,37.6405684
01733,서울특별시 노원구 중계로2가길 21,1135010600,,127.0839472,37.6404342
01733,서울특별시 노원구 중계로2가길 17,1135010600,,127.0837543,37.6405078
01699,서울특별시 노원구 한글비석로15길 6,1135010600,,127.0742125,37.6580154
01699,서울특별시 노원구 한글비석로15길 8,1135010600,,127.0741145,37.6579397
01699,서울특별시 노원구 한글비석로15길 3,1135010600,,127.0744342,37.6581236
01707,서울특별시 노원구 한글비석로15길 111,1135010600,,127.0730178,37.6534164
01707,서울특별시 노원구 한글비석로15길 115,1135010600,,127.0728802,37.6531494
01662,서울특별시 노원구 덕릉로83길 19,1135010600,,127.0742166,37.6598069
01662,서울특별시 노원구 덕릉로83길 21,1135010600,,127.0741318,37.6600674
01662,서울특별시 노원구 덕릉로83길 20,1135010600,,127.0745245,37.6602945
01662,서울특별시 노원구 덕릉로83길 20,1135010600,,127.0745245,37.6602945
01662,서울특별시 노원구 덕릉로83길 20,1135010600,,127.0745245,37.6602945
01662,서울특별시 노원구 덕릉로83길 16,1135010600,,127.0745709,37.6600895
01662,서울특별시 노원구 덕릉로83길 22,1135010600,,127.0742136,37.6601981
01662,서울특별시 노원구 덕릉로83길 6,1135010600,,127.0750501,37.6600171
01662,서울특별시 노원구 덕릉로83길 20,1135010600,,127.0745245,37.6602945
01662,서울특별시 노원구 덕릉로83길 19,1135010600,,127.0745245,37.6602945
01662,서울특별시 노원구 덕릉로83길 20,1135010600,,127.0744366,37.6598843
01662,서울특별시 노원구 덕릉로83길 15,1135010600,,127.0743206,37.6599957
01662,서울특별시 노원구 덕릉로83길 17,1135010600,,127.0742166,37.6598069
01707,서울특별시 노원구 한글비석로15길 105,1135010600,,127.0730458,37.6536240
01699,서울특별시 노원구 한글비석로15길 10,1135010600,,127.0836245,37.6404459
01733,서울특별시 노원구 중계로2가길 15,1135010600,,127.0741344,37.6578533
01731,서울특별시 노원구 중계로2가길 29,1135010600,,127.0843529,37.6408637
01730,서울특별시 노원구 중계로4나길 31,1135010600,,127.0852865,37.6424550
01730,서울특별시 노원구 중계로4나길 10,1135010600,,127.0845361,37.6431278
01730,서울특별시 노원구 중계로4나길 9,1135010600,,127.0844287,37.6430439
01731,서울특별시 노원구 중계로4나길 51,1135010600,,127.0856372,37.6416131
01730,서울특별시 노원구 중계로4나길 25,1135010600,,127.0853042,37.6427482
01730,서울특별시 노원구 중계로4나길 11,1135010600,,127.0853839,37.6424670
01730,서울특별시 노원구 중계로4나길 29,1135010600,,127.0846421,37.6430588
01730,서울특별시 노원구 중계로4나길 35,1135010600,,127.0853380,37.6422427
01715,서울특별시 노원구 덕릉로90길 12,1135010600,,127.0761138,37.6603513
01715,서울특별시 노원구 덕릉로90길 10,1135010600,,127.0838949,37.6441763
01728,서울특별시 노원구 중계로6길 9,1135010600,,127.0760052,37.6603529
01730,서울특별시 노원구 중계로4바길 18,1135010600,,127.0851392,37.6430894
01730,서울특별시 노원구 중계로4바길 7,1135010600,,127.0848265,37.6433706
01731,서울특별시 노원구 중계로4마길 14,1135010600,,127.0863017,37.6410594
01731,서울특별시 노원구 중계로4마길 31,1135010600,,127.0869985,37.6411217
01731,서울특별시 노원구 중계로4마길 30,1135010600,,127.0868201,37.6410015
01731,서울특별시 노원구 중계로2나길 27,1135010600,,127.0845991,37.6405911
01733,서울특별시 노원구 중계로2나길 12,1135010600,,127.0835707,37.6412101
01732,서울특별시 노원구 중계로2길 35,1135010600,,127.0838718,37.6407656
01732,서울특별시 노원구 중계로2길 49,1135010600,,127.0836011,37.6418759
01732,서울특별시 노원구 중계로2길 53,1135010600,,127.0835882,37.6420089
01732,서울특별시 노원구 중계로2길 75,1135010600,,127.0846125,37.6408030
01731,서울특별시 노원구 중계로2가길 35,1135010600,,127.0835091,37.6430130
01731,서울특별시 노원구 중계로2가길 39,1135010600,,127.0848533,37.6409094
01731,서울특별시 노원구 중계로2가길 27,1135010600,,127.0843525,37.6407954
01662,서울특별시 노원구 덕릉로89길 19,1135010600,,127.0856015,37.6417132
01731,서울특별시 노원구 중계로4나길 49,1135010600,,127.0743694,37.6609107
01707,서울특별시 노원구 덕릉로 623,1135010600,,127.0736565,37.6533508
01731,서울특별시 노원구 중계로2나길 5,1135010600,,127.0839375,37.6409942
01733,서울특별시 노원구 중계로2나길 8,1135010600,,127.0837982,37.6408894
01733,서울특별시 노원구 중계로2나길 10,1135010600,,127.0838821,37.6408248
01731,서울특별시 노원구 중계로2나길 13,1135010600,,127.0840993,37.6407045
01730,서울특별시 노원구 중계로4바길 18,1135010600,,127.0851392,37.6430894
01730,서울특별시 노원구 중계로4바길 42,1135010600,,127.0858634,37.6425249
01730,서울특별시 노원구 중계로4바길 38,1135010600,,127.0856095,37.6425100
01730,서울특별시 노원구 중계로4바길 5,1135010600,,127.0846921,37.6433893
01730,서울특별시 노원구 중계로4바길 18,1135010600,,127.0851392,37.6430894
01729,서울특별시 노원구 중계로4길 105,1135010600,,127.0874370,37.6411921
01729,서울특별시 노원구 중계로6가길 27,1135010600,,127.0855753,37.6440495
01729,서울특별시 노원구 중계로6가길 13,1135010600,,127.0849429,37.6440586
01729,서울특별시 노원구 중계로6가길 25,1135010600,,127.0854880,37.6439912
01730,서울특별시 노원구 중계로4바길 14,1135010600,,127.0855930,37.6430445
01730,서울특별시 노원구 중계로4바길 27,1135010600,,127.0849938,37.6432121
01730,서울특별시 노원구 중계로4바길 32,1135010600,,127.0856424,37.6428456
01730,서울특별시 노원구 중계로4바길 24,1135010600,,127.0854316,37.6429754
01730,서울특별시 노원구 중계로4바길 33,1135010600,,127.0852937,37.6430763
01730,서울특별시 노원구 중계로4바길 20,1135010600,,127.0857569,37.6427256
01730,서울특별시 노원구 중계로4바길 35,1135010600,,127.0857466,37.6426398
01730,서울특별시 노원구 중계로4바길 27,1135010600,,127.0855930,37.6430445
01729,서울특별시 노원구 중계로4길 91,1135010600,,127.0846357,37.6436885
01729,서울특별시 노원구 중계로4길 23,1135010600,,127.0870078,37.6415125
01729,서울특별시 노원구 중계로4길 1,1135010600,,127.0836629,37.6432869
01731,서울특별시 노원구 중계로4길 92,1135010600,,127.0868779,37.6414641
01729,서울특별시 노원구 중계로4길 107,1135010600,,127.0868911,37.6414177
01731,서울특별시 노원구 중계로4길 94,1135010600,,127.0875638,37.6412721
01729,서울특별시 노원구 중계로4길 124,1135010600,,127.0872315,37.6417732
01729,서울특별시 노원구 중계로4길 110,1135010600,,127.0877461,37.6411388
01722,서울특별시 노원구 중계로16다길 12,1135010600,,127.0833172,37.6512457
01722,서울특별시 노원구 중계로16다길 22,1135010600,,127.0827832,37.6513294
01722,서울특별시 노원구 중계로16다길 35,1135010600,,127.0843390,37.6514029
01730,서울특별시 노원구 중계로4바길 31,1135010600,,127.0857820,37.6427815
01730,서울특별시 노원구 중계로4바길 9,1135010600,,127.0848817,37.6433347
01730,서울특별시 노원구 중계로4바길 29,1135010600,,127.0857511,37.6428562
01730,서울특별시 노원구 중계로4바길 18,1135010600,,127.0849938,37.6432121
01730,서울특별시 노원구 중계로4바길 14,1135010600,,127.0851392,37.6430894
01731,서울특별시 노원구 중계로2나길 5,1135010600,,127.0839375,37.6409942
01733,서울특별시 노원구 중계로2나길 6,1135010600,,127.0837343,37.6409987
01731,서울특별시 노원구 중계로2나길 11,1135010600,,127.0840435,37.6407971
01733,서울특별시 노원구 중계로2나길 18,1135010600,,127.0840441,37.6404363
01731,서울특별시 노원구 중계로2나길 13,1135010600,,127.0840435,37.6407971
01731,서울특별시 노원구 중계로2나길 11,1135010600,,127.0840993,37.6407045
01729,서울특별시 노원구 중계로6길 107,1135010600,,127.0890960,37.6446196
01729,서울특별시 노원구 중계로6가길 3,1135010600,,127.0843064,37.6441349
01729,서울특별시 노원구 중계로6가길 19,1135010600,,127.0852303,37.6440252
01729,서울특별시 노원구 중계로6가길 47,1135010600,,127.0865458,37.6444580
01729,서울특별시 노원구 중계로6가길 45,1135010600,,127.0837967,37.6421739
01730,서울특별시 노원구 중계로2길 58,1135010600,,127.0863997,37.6444638
01732,서울특별시 노원구 중계로2길 67,1135010600,,127.0837027,37.6413242
01731,서울특별시 노원구 중계로2길 40,1135010600,,127.0836174,37.6426054
01732,서울특별시 노원구 중계로2길 45,1135010600,,127.0835681,37.6429282
01732,서울특별시 노원구 중계로2길 73,1135010600,,127.0835972,37.6416981
01732,서울특별시 노원구 중계로2길 51,1135010600,,127.0835250,37.6419535
01729,서울특별시 노원구 중계로4길 114,1135010600,,127.0877185,37.6413958
01729,서울특별시 노원구 중계로4길 110,1135010600,,127.0877461,37.6411388
01729,서울특별시 노원구 중계로4길 110,1135010600,,127.0877461,37.6411388
01729,서울특별시 노원구 중계로4길 103,1135010600,,127.0857887,37.6434443
01729,서울특별시 노원구 중계로4길 43,1135010600,,127.0873312,37.6412534
01729,서울특별시 노원구 중계로4길 53,1135010600,,127.0863855,37.6430648
01730,서울특별시 노원구 중계로4길 46,1135010600,,127.0857346,37.6432985
01730,서울특별시 노원구 중계로4길 34,1135010600,,127.0852348,37.6435857
01729,서울특별시 노원구 중계로4길 103,1135010600,,127.0872315,37.6417732
01729,서울특별시 노원구 중계로4길 124,1135010600,,127.0752810,37.6579078
01715,서울특별시 노원구 덕릉로 676,1135010600,,127.0866152,37.6420461
01731,서울특별시 노원구 중계로4길 80,1135010600,,127.0873312,37.6412534
01730,서울특별시 노원구 중계로4길 72,1135010600,,127.0864347,37.6423181
01729,서울특별시 노원구 중계로4길 130,1135010600,,127.0870694,37.6419680
01729,서울특별시 노원구 중계로6길 91,1135010600,,127.0865366,37.6442017
01729,서울특별시 노원구 중계로6길 59,1135010600,,127.0882098,37.6445695
01730,서울특별시 노원구 중계로4바길 5,1135010600,,127.0846921,37.6433893
01730,서울특별시 노원구 중계로4바길 18,1135010600,,127.0851392,37.6430894
01662,서울특별시 노원구 한글비석로22길 40,1135010600,,127.0742459,37.6612047
01662,서울특별시 노원구 한글비석로22길 34,1135010600,,127.0739996,37.6609433
01732,서울특별시 노원구 중계로 56,1135010600,,127.0746989,37.6608958
01662,서울특별시 노원구 덕릉로89길 13,1135010600,,127.0831364,37.6410882
01699,서울특별시 노원구 덕릉로79길 10,1135010600,,127.0742915,37.6568647
01724,서울특별시 노원구 중계로 164,1135010600,,127.0811669,37.6497478
01731,서울특별시 노원구 중계로2다길 22,1135010600,,127.0848832,37.6410732
01731,서울특별시 노원구 중계로2다길 23,1135010600,,127.0850515,37.6411159
01731,서울특별시 노원구 중계로2다길 18,1135010600,,127.0846207,37.6411017
01731,서울특별시 노원구 중계로2다길 9,1135010600,,127.0841761,37.6412439
01731,서울특별시 노원구 중계로2다길 16,1135010600,,127.0850515,37.6411159
01731,서울특별시 노원구 중계로2다길 23,1135010600,,127.0845069,37.6411164
01722,서울특별시 노원구 중계로14길 61,1135010600,,127.0832313,37.6508228
01722,서울특별시 노원구 중계로14길 48,1135010600,,127.0828407,37.6503444
01722,서울특별시 노원구 중계로16길 53,1135010600,,127.0823411,37.6510527
01722,서울특별시 노원구 중계로16길 36,1135010600,,127.0833019,37.6511240
01722,서울특별시 노원구 중계로16길 33,1135010600,,127.0822743,37.6512510
01722,서울특별시 노원구 중계로16길 40,1135010600,,127.0824910,37.6510319
01715,서울특별시 노원구 덕릉로 712,1135010600,,127.0819472,37.6514342
01722,서울특별시 노원구 중계로16나길 3,1135010600,,127.0758760,37.6610182
01730,서울특별시 노원구 중계로4나길 35,1135010600,,127.0853380,37.6422427
01730,서울특별시 노원구 중계로4나길 35,1135010600,,127.0853380,37.6422427
01730,서울특별시 노원구 중계로4나길 8,1135010600,,127.0843838,37.6430644
01662,서울특별시 노원구 한글비석로20길 23,1135010600,,127.0738531,37.6603183
01662,서울특별시 노원구 한글비석로20길 31,1135010600,,127.0739436,37.6606029
01662,서울특별시 노원구 한글비석로20길 23,1135010600,,127.0738531,37.6603183
01715,서울특별시 노원구 덕릉로90길 16,1135010600,,127.0760604,37.6602570
01715,서울특별시 노원구 덕릉로90길 11,1135010600,,127.0763519,37.6604946
01715,서울특별시 노원구 덕릉로90길 8,1135010600,,127.0760028,37.6604809
01792,서울특별시 노원구 중계로 57,1135010600,,127.0825896,37.6413554
01730,서울특별시 노원구 중계로2라길 11,1135010600,,127.0843535,37.6418573
01730,서울특별시 노원구 중계로2라길 5,1135010600,,127.0840076,37.6418360
01731,서울특별시 노원구 중계로2라길 20,1135010600,,127.0847691,37.6417672
01731,서울특별시 노원구 중계로2라길 8,1135010600,,127.0842666,37.6417238
01732,서울특별시 노원구 중계로 56,1135010600,,127.0834199,37.6419770
01732,서울특별시 노원구 중계로 68,1135010600,,127.0831364,37.6410882
01729,서울특별시 노원구 중계로4길 39,1135010600,,127.0855749,37.6435610
01730,서울특별시 노원구 중계로4길 32,1135010600,,127.0851536,37.6436361
01729,서울특별시 노원구 중계로4길 114,1135010600,,127.0877185,37.6413958
01729,서울특별시 노원구 중계로4길 114,1135010600,,127.0877185,37.6413958
01730,서울특별시 노원구 중계로2마길 5,1135010600,,127.0840214,37.6423444
01730,서울특별시 노원구 중계로2마길 3,1135010600,,127.0838645,37.6425094
01730,서울특별시 노원구 중계로2마길 3,1135010600,,127.0840076,37.6418360
01730,서울특별시 노원구 중계로2라길 5,1135010600,,127.0838645,37.6425094
01730,서울특별시 노원구 중계로2라길 23,1135010600,,127.0849304,37.6419051
01730,서울특별시 노원구 중계로2라길 23,1135010600,,127.0849304,37.6419051
01730,서울특별시 노원구 중계로2라길 11,1135010600,,127.0849304,37.6419051
01730,서울특별시 노원구 중계로2라길 23,1135010600,,127.0843535,37.6418573
01729,서울특별시 노원구 중계로6가길 61,1135010600,,127.0871567,37.6447816
01729,서울특별시 노원구 중계로6가길 65,1135010600,,127.0874164,37.6448068
01730,서울특별시 노원구 중계로4바길 4,1135010600,,127.0845473,37.6433886
01730,서울특별시 노원구 중계로4바길 10,1135010600,,127.0847634,37.6432617
01730,서울특별시 노원구 중계로4바길 15,1135010600,,127.0851488,37.6432325
01730,서울특별시 노원구 중계로4바길 16,1135010600,,127.0850793,37.6431552
01730,서울특별시 노원구 중계로4바길 27,1135010600,,127.0851392,37.6430894
01730,서울특별시 노원구 중계로4바길 18,1135010600,,127.0855930,37.6430445
01730,서울특별시 노원구 중계로4바길 3,1135010600,,127.0846160,37.6434282
01730,서울특별시 노원구 중계로4바길 36,1135010600,,127.0856415,37.6427156
01730,서울특별시 노원구 중계로4바길 47,1135010600,,127.0846921,37.6433893
01730,서울특별시 노원구 중계로4바길 5,1135010600,,127.0861282,37.6424127
01662,서울특별시 노원구 한글비석로20길 15,1135010600,,127.0735253,37.6602608
01729,서울특별시 노원구 중계로6라길 18,1135010600,,127.0889614,37.6440578
01729,서울특별시 노원구 중계로6라길 20,1135010600,,127.0888100,37.6441567
01729,서울특별시 노원구 중계로6라길 14,1135010600,,127.0891080,37.6439322
01729,서울특별시 노원구 중계로6나길 2,1135010600,,127.0861252,37.6438630
01729,서울특별시 노원구 중계로6나길 2,1135010600,,127.0861252,37.6438630
01715,서울특별시 노원구 덕릉로 712,1135010600,,127.0758760,37.6610182
01715,서울특별시 노원구 덕릉로 712,1135010600,,127.0758760,37.6610182
01715,서울특별시 노원구 덕릉로 712,1135010600,,127.0758760,37.6610182
01729,서울특별시 노원구 중계로6길 84,1135010600,,127.0880224,37.6441420
01729,서울특별시 노원구 중계로6가길 46,1135010600,,127.0871461,37.6445167
01729,서울특별시 노원구 중계로6가길 56,1135010600,,127.0865933,37.6443497
01729,서울특별시 노원구 중계로6가길 5,1135010600,,127.0844297,37.6441219
01743,서울특별시 노원구 한글비석로 227,1135010600,,127.0673027,37.6413934
01783,서울특별시 노원구 동일로204가길 51,1135010600,,127.0673027,37.6413934
01783,서울특별시 노원구 동일로204가길 51,1135010600,,127.0762650,37.6479162
01729,서울특별시 노원구 중계로6길 50,1135010600,,127.0859775,37.6439245
01729,서울특별시 노원구 중계로6나길 2,1135010600,,127.0861252,37.6438630
01731,서울특별시 노원구 중계로2가길 33,1135010600,,127.0845210,37.6408081
01731,서울특별시 노원구 중계로2라길 12,1135010600,,127.0843908,37.6417284
01730,서울특별시 노원구 중계로2라길 23,1135010600,,127.0849304,37.6419051
01730,서울특별시 노원구 중계로2라길 9,1135010600,,127.0864225,37.6440281
01729,서울특별시 노원구 중계로6길 36,1135010600,,127.0853316,37.6437617
01729,서울특별시 노원구 중계로6길 58,1135010600,,127.0841220,37.6418130
01729,서울특별시 노원구 중계로6길 125,1135010600,,127.0904415,37.6446799
01729,서울특별시 노원구 중계로6길 95,1135010600,,127.0904415,37.6446799
01729,서울특별시 노원구 중계로6길 125,1135010600,,127.0904415,37.6446799
01729,서울특별시 노원구 중계로6길 125,1135010600,,127.0883526,37.6445901
01728,서울특별시 노원구 중계로6길 1,1135010600,,127.0836112,37.6442852
01729,서울특별시 노원구 중계로6길 91,1135010600,,127.0763728,37.6608462
01715,서울특별시 노원구 덕릉로92길 10,1135010600,,127.0882098,37.6445695
01715,서울특별시 노원구 덕릉로92길 12,1135010600,,127.0762794,37.6608456
01715,서울특별시 노원구 덕릉로92길 18,1135010600,,127.0766737,37.6608503
01715,서울특별시 노원구 덕릉로92길 13,1135010600,,127.0767652,37.6608551
01715,서울특별시 노원구 덕릉로92길 20,1135010600,,127.0765967,37.6608567
01715,서울특별시 노원구 덕릉로92길 16,1135010600,,127.0764274,37.6609742
01715,서울특별시 노원구 덕릉로92길 14,1135010600,,127.0764570,37.6608487
01715,서울특별시 노원구 덕릉로92길 7,1135010600,,127.0766122,37.6609701
01715,서울특별시 노원구 덕릉로92길 6,1135010600,,127.0760986,37.6608515
01715,서울특별시 노원구 덕릉로92길 17,1135010600,,127.0761162,37.6609701
01715,서울특별시 노원구 덕릉로92길 13,1135010600,,127.0764274,37.6609742
01715,서울특별시 노원구 덕릉로92길 15,1135010600,,127.0765182,37.6609730
01715,서울특별시 노원구 덕릉로92길 8,1135010600,,127.0761906,37.6608461
01715,서울특별시 노원구 덕릉로92길 16,1135010600,,127.0765967,37.6608567
01729,서울특별시 노원구 중계로6라길 5,1135010600,,127.0886251,37.6444273
01729,서울특별시 노원구 중계로6라길 4,1135010600,,127.0884535,37.6443383
01729,서울특별시 노원구 중계로6라길 4,1135010600,,127.0884535,37.6443383
01729,서울특별시 노원구 중계로6라길 25,1135010600,,127.0894426,37.6438916
01729,서울특별시 노원구 중계로6라길 27,1135010600,,127.0895403,37.6437791
01729,서울특별시 노원구 중계로6라길 7,1135010600,,127.0886251,37.6444273
01729,서울특별시 노원구 중계로6라길 5,1135010600,,127.0855302,37.6418202
01730,서울특별시 노원구 중계로4나길 7,1135010600,,127.0848958,37.6429707
01731,서울특별시 노원구 중계로4나길 45,1135010600,,127.0844947,37.6431842
01730,서울특별시 노원구 중계로4나길 17,1135010600,,127.0886571,37.6443698
01730,서울특별시 노원구 중계로4나길 11,1135010600,,127.0846421,37.6430588
01730,서울특별시 노원구 중계로4나길 33,1135010600,,127.0852701,37.6423769
01730,서울특별시 노원구 중계로4나길 2,1135010600,,127.0841881,37.6432192
01731,서울특별시 노원구 중계로4나길 51,1135010600,,127.0856372,37.6416131
01730,서울특별시 노원구 중계로4나길 7,1135010600,,127.0844947,37.6431842
01730,서울특별시 노원구 중계로4나길 11,1135010600,,127.0851284,37.6422391
01730,서울특별시 노원구 중계로4나길 36,1135010600,,127.0846421,37.6430588
01730,서울특별시 노원구 중계로4나길 22,1135010600,,127.0850342,37.6426987
01730,서울특별시 노원구 중계로4나길 39,1135010600,,127.0736565,37.6533508
01730,서울특별시 노원구 중계로4나길 25,1135010600,,127.0853042,37.6427482
01707,서울특별시 노원구 덕릉로 623,1135010600,,127.0771725,37.6601558
01716,서울특별시 노원구 덕릉로86길 29,1135010600,,127.0853584,37.6421287
01715,서울특별시 노원구 덕릉로86길 19,1135010600,,127.0767606,37.6601980
01715,서울특별시 노원구 덕릉로86길 19,1135010600,,127.0767606,37.6601980
01715,서울특별시 노원구 덕릉로86길 21,1135010600,,127.0767641,37.6600946
01717,서울특별시 노원구 덕릉로86길 27,1135010600,,127.0770561,37.6600934
01715,서울특별시 노원구 덕릉로86길 19,1135010600,,127.0758947,37.6601683
01715,서울특별시 노원구 덕릉로86길 5,1135010600,,127.0772866,37.6602118
01717,서울특별시 노원구 덕릉로86길 33,1135010600,,127.0754162,37.6586857
01715,서울특별시 노원구 덕릉로 684,1135010600,,127.0767606,37.6601980
01731,서울특별시 노원구 중계로2나길 9,1135010600,,127.0839943,37.6408558
01731,서울특별시 노원구 중계로2나길 11,1135010600,,127.0840435,37.6407971
01730,서울특별시 노원구 중계로4나길 38,1135010600,,127.0851972,37.6421265
01730,서울특별시 노원구 중계로4나길 27,1135010600,,127.0853606,37.6425510
01731,서울특별시 노원구 중계로4나길 51,1135010600,,127.0856372,37.6416131
01730,서울특별시 노원구 중계로4나길 10,1135010600,,127.0844287,37.6430439
01730,서울특별시 노원구 중계로4나길 35,1135010600,,127.0853380,37.6422427
01730,서울특별시 노원구 중계로4나길 25,1135010600,,127.0853042,37.6427482
01730,서울특별시 노원구 중계로4나길 35,1135010600,,127.0853380,37.6422427
01730,서울특별시 노원구 중계로4나길 3,1135010600,,127.0843075,37.6432540
01730,서울특별시 노원구 중계로4나길 14,1135010600,,127.0846256,37.6429299
01662,서울특별시 노원구 덕릉로83길 20,1135010600,,127.0745245,37.6602945
01717,서울특별시 노원구 덕릉로82길 68,1135010600,,127.0784000,37.6605842
01740,서울특별시 노원구 중계로 107,1135010600,,127.0817754,37.6451458
01662,서울특별시 노원구 한글비석로22길 18,1135010600,,127.0734423,37.6603791
01731,서울특별시 노원구 중계로2라길 12,1135010600,,127.0843908,37.6417284
01730,서울특별시 노원구 중계로2라길 23,1135010600,,127.0849304,37.6419051
01731,서울특별시 노원구 중계로2다길 26,1135010600,,127.0849828,37.6410272
01731,서울특별시 노원구 중계로2다길 24,1135010600,,127.0849478,37.6410455
01662,서울특별시 노원구 덕릉로83길 19,1135010600,,127.0649351,37.6392571
01779,서울특별시 노원구 동일로203가길 21,1135010600,,127.0742166,37.6598069
01783,서울특별시 노원구 동일로204길 1,1135010600,,127.0672044,37.6388968
01731,서울특별시 노원구 중계로2길 38,1135010600,,127.0837456,37.6412915
01732,서울특별시 노원구 중계로2길 59,1135010600,,127.0836561,37.6422375
01732,서울특별시 노원구 중계로2길 59,1135010600,,127.0836561,37.6422375
01731,서울특별시 노원구 중계로4길 104,1135010600,,127.0873259,37.6410666
01730,서울특별시 노원구 중계로4길 70,1135010600,,127.0863941,37.6423976
01729,서울특별시 노원구 중계로4길 128,1135010600,,127.0872073,37.6418141
01729,서울특별시 노원구 중계로4길 126,1135010600,,127.0871289,37.6418291
01731,서울특별시 노원구 중계로2라길 8,1135010600,,127.0842666,37.6417238
01731,서울특별시 노원구 중계로2라길 12,1135010600,,127.0843908,37.6417284
01731,서울특별시 노원구 중계로2라길 26,1135010600,,127.0851328,37.6417767
01731,서울특별시 노원구 중계로2라길 4,1135010600,,127.0838305,37.6417391
01715,서울특별시 노원구 덕릉로 712,1135010600,,127.0758760,37.6610182
01715,서울특별시 노원구 덕릉로 712,1135010600,,127.0758760,37.6610182
01715,서울특별시 노원구 덕릉로 712,1135010600,,127.0838666,37.6425642
01730,서울특별시 노원구 중계로2길 66,1135010600,,127.0758760,37.6610182
01730,서울특별시 노원구 중계로2길 64,1135010600,,127.0837888,37.6424767
01728,서울특별시 노원구 중계로6길 1,1135010600,,127.0836112,37.6442852
01729,서울특별시 노원구 중계로6길 18,1135010600,,127.0842319,37.6437820
01729,서울특별시 노원구 중계로6길 93,1135010600,,127.0882801,37.6445998
01728,서울특별시 노원구 중계로 102,1135010600,,127.0829122,37.6449380
01730,서울특별시 노원구 중계로4나길 6,1135010600,,127.0843077,37.6431142
01731,서울특별시 노원구 중계로4나길 51,1135010600,,127.0856372,37.6416131
01729,서울특별시 노원구 중계로6라길 14,1135010600,,127.0888100,37.6441567
01729,서울특별시 노원구 중계로6라길 14,1135010600,,127.0888100,37.6441567
01729,서울특별시 노원구 중계로6라길 1,1135010600,,127.0885263,37.6445042
01729,서울특별시 노원구 중계로6라길 21,1135010600,,127.0891080,37.6439322
01729,서울특별시 노원구 중계로6라길 20,1135010600,,127.0892921,37.6439373
01729,서울특별시 노원구 중계로6라길 4,1135010600,,127.0884535,37.6443383
01662,서울특별시 노원구 한글비석로22길 50,1135010600,,127.0744495,37.6614128
01662,서울특별시 노원구 한글비석로22길 48,1135010600,,127.0744086,37.6613620
01662,서울특별시 노원구 한글비석로22길 46,1135010600,,127.0741477,37.6604686
01662,서울특별시 노원구 한글비석로20길 30,1135010600,,127.0855538,37.6412400
01731,서울특별시 노원구 중계로4라길 21,1135010600,,127.0849650,37.6415520
01731,서울특별시 노원구 중계로4라길 12,1135010600,,127.0745124,37.6614423
01731,서울특별시 노원구 중계로4라길 4,1135010600,,127.0852083,37.6417818
01731,서울특별시 노원구 중계로4라길 19,1135010600,,127.0863856,37.6422115
01731,서울특별시 노원구 중계로4다길 18,1135010600,,127.0855425,37.6413302
01731,서울특별시 노원구 중계로4다길 4,1135010600,,127.0856431,37.6419543
01730,서울특별시 노원구 중계로2라길 23,1135010600,,127.0849304,37.6419051
01730,서울특별시 노원구 중계로2라길 21,1135010600,,127.0849304,37.6419051
01730,서울특별시 노원구 중계로2라길 23,1135010600,,127.0848015,37.6418753
01729,서울특별시 노원구 중계로4길 123,1135010600,,127.0872885,37.6415663
01729,서울특별시 노원구 중계로4길 103,1135010600,,127.0873312,37.6412534
01730,서울특별시 노원구 중계로4길 22,1135010600,,127.0846621,37.6435614
01729,서울특별시 노원구 중계로4길 21,1135010600,,127.0863674,37.6427094
01729,서울특별시 노원구 중계로4길 63,1135010600,,127.0865289,37.6424605
01729,서울특별시 노원구 중계로4길 67,1135010600,,127.0845345,37.6436565
01729,서울특별시 노원구 중계로4길 59,1135010600,,127.0863071,37.6428714
01730,서울특별시 노원구 중계로4길 10,1135010600,,127.0840709,37.6432336
01730,서울특별시 노원구 중계로4길 28,1135010600,,127.0849173,37.6436343
01729,서울특별시 노원구 중계로4길 41,1135010600,,127.0856797,37.6435172
01730,서울특별시 노원구 중계로4길 18,1135010600,,127.0843926,37.6434473
01730,서울특별시 노원구 중계로2라길 23,1135010600,,127.0849304,37.6419051
01729,서울특별시 노원구 중계로6길 91,1135010600,,127.0882098,37.6445695
01729,서울특별시 노원구 중계로6길 32,1135010600,,127.0850221,37.6437649
01729,서울특별시 노원구 중계로6길 54,1135010600,,127.0862400,37.6439641
01729,서울특별시 노원구 중계로6길 90,1135010600,,127.0880819,37.6443340
01729,서울특별시 노원구 중계로6길 95,1135010600,,127.0883526,37.6445901
01729,서울특별시 노원구 중계로6길 95,1135010600,,127.0883526,37.6445901
01729,서울특별시 노원구 중계로6길 74,1135010600,,127.0874031,37.6441660
01729,서울특별시 노원구 중계로6길 102,1135010600,,127.0887442,37.6445422
01729,서울특별시 노원구 중계로6길 91,1135010600,,127.0882098,37.6445695
01729,서울특별시 노원구 중계로6길 82,1135010600,,127.0879584,37.6441783
01729,서울특별시 노원구 중계로6길 95,1135010600,,127.0883526,37.6445901
01729,서울특별시 노원구 중계로6길 68,1135010600,,127.0870358,37.6439369
01729,서울특별시 노원구 중계로6길 31,1135010600,,127.0850600,37.6438682
01729,서울특별시 노원구 중계로6길 55,1135010600,,127.0863185,37.6442367
01728,서울특별시 노원구 중계로6길 1,1135010600,,127.0836112,37.6442852
01729,서울특별시 노원구 중계로6길 71,1135010600,,127.0872492,37.6442892
01729,서울특별시 노원구 중계로6길 63,1135010600,,127.0867462,37.6442670
01729,서울특별시 노원구 중계로6길 67,1135010600,,127.0869640,37.6442689
01731,서울특별시 노원구 중계로2라길 12,1135010600,,127.0843908,37.6417284
01731,서울특별시 노원구 중계로2라길 12,1135010600,,127.0843908,37.6417284
01730,서울특별시 노원구 중계로2라길 23,1135010600,,127.0849304,37.6419051
01729,서울특별시 노원구 중계로4길 114,1135010600,,127.0877185,37.6413958
01730,서울특별시 노원구 중계로4길 12,1135010600,,127.0842155,37.6433119
01730,서울특별시 노원구 중계로4길 8,1135010600,,127.0839551,37.6431885
01729,서울특별시 노원구 중계로4길 13,1135010600,,127.0841410,37.6434521
01729,서울특별시 노원구 중계로4길 110,1135010600,,127.0877461,37.6411388
01729,서울특별시 노원구 중계로4길 110,1135010600,,127.0877461,37.6411388
01729,서울특별시 노원구 중계로4길 110,1135010600,,127.0877461,37.6411388
01732,서울특별시 노원구 중계로2길 79,1135010600,,127.0834670,37.6431382
01732,서울특별시 노원구 중계로2길 63,1135010600,,127.0836500,37.6424831
01732,서울특별시 노원구 중계로2길 77,1135010600,,127.0834836,37.6430945
01732,서울특별시 노원구 중계로2길 31,1135010600,,127.0834564,37.6410793
01730,서울특별시 노원구 중계로2길 78,1135010600,,127.0836393,37.6431075
01730,서울특별시 노원구 중계로4나길 40,1135010600,,127.0852358,37.6420188
01731,서울특별시 노원구 중계로4나길 51,1135010600,,127.0856372,37.6416131
01733,서울특별시 노원구 중계로2가길 19,1135010600,,127.0838767,37.6405252
01732,서울특별시 노원구 중계로2길 65,1135010600,,127.0836263,37.6425462
01732,서울특별시 노원구 중계로2길 67,1135010600,,127.0836174,37.6426054
01730,서울특별시 노원구 중계로2길 68,1135010600,,127.0838143,37.6426306
01730,서울특별시 노원구 중계로2길 72,1135010600,,127.0837693,37.6428151
01730,서울특별시 노원구 중계로2길 72,1135010600,,127.0837693,37.6428151
01732,서울특별시 노원구 중계로2길 69,1135010600,,127.0834422,37.6432111
01732,서울특별시 노원구 중계로2길 81,1135010600,,127.0835879,37.6427328
01730,서울특별시 노원구 중계로4나길 25,1135010600,,127.0853042,37.6427482
01730,서울특별시 노원구 중계로4나길 37,1135010600,,127.0853418,37.6421772
01730,서울특별시 노원구 중계로4나길 13,1135010600,,127.0845361,37.6431278
01730,서울특별시 노원구 중계로4나길 9,1135010600,,127.0847340,37.6429970
01731,서울특별시 노원구 중계로4나길 49,1135010600,,127.0856015,37.6417132
01730,서울특별시 노원구 중계로4나길 15,1135010600,,127.0847643,37.6429642
01730,서울특별시 노원구 중계로4나길 7,1135010600,,127.0844287,37.6430439
01730,서울특별시 노원구 중계로4나길 10,1135010600,,127.0844947,37.6431842
01731,서울특별시 노원구 중계로4나길 53,1135010600,,127.0856300,37.6415124
01730,서울특별시 노원구 중계로4나길 9,1135010600,,127.0845361,37.6431278
01730,서울특별시 노원구 중계로4길 22,1135010600,,127.0846621,37.6435614
01730,서울특별시 노원구 중계로4길 34,1135010600,,127.0852348,37.6435857
01731,서울특별시 노원구 중계로2나길 11,1135010600,,127.0840435,37.6407971
01730,서울특별시 노원구 중계로4다길 3,1135010600,,127.0855082,37.6420663
01730,서울특별시 노원구 중계로4다길 11,1135010600,,127.0858778,37.6422198
01731,서울특별시 노원구 중계로4다길 18,1135010600,,127.0863856,37.6422115
01730,서울특별시 노원구 중계로4다길 11,1135010600,,127.0858778,37.6422198
01730,서울특별시 노원구 중계로4다길 11,1135010600,,127.0858778,37.6422198
01729,서울특별시 노원구 중계로6길 99,1135010600,,127.0847125,37.6438393
01729,서울특별시 노원구 중계로6길 26,1135010600,,127.0886845,37.6446463
01729,서울특별시 노원구 중계로6길 84,1135010600,,127.0880224,37.6441420
01729,서울특별시 노원구 중계로6길 84,1135010600,,127.0880224,37.6441420
01729,서울특별시 노원구 중계로6길 89,1135010600,,127.0881412,37.6445806
01729,서울특별시 노원구 중계로6길 92,1135010600,,127.0882517,37.6444082
01729,서울특별시 노원구 중계로6길 91,1135010600,,127.0882098,37.6445695
01729,서울특별시 노원구 중계로6길 42,1135010600,,127.0855439,37.6437609
01729,서울특별시 노원구 중계로6길 42,1135010600,,127.0855439,37.6437609
01729,서울특별시 노원구 중계로6길 96,1135010600,,127.0884487,37.6445194
01729,서울특별시 노원구 중계로6길 84,1135010600,,127.0880224,37.6441420
01662,서울특별시 노원구 덕릉로 703,1135010600,,127.0753091,37.6605623
01707,서울특별시 노원구 덕릉로 623,1135010600,,127.0736565,37.6533508
01707,서울특별시 노원구 덕릉로 625,1135010600,,127.0737451,37.6536823
01715,서울특별시 노원구 덕릉로 686,1135010600,,127.0860112,37.6432513
01729,서울특별시 노원구 중계로4길 49,1135010600,,127.0858224,37.6432427
01730,서울특별시 노원구 중계로4길 48,1135010600,,127.0850754,37.6436459
01730,서울특별시 노원구 중계로4길 30,1135010600,,127.0754331,37.6588125
01730,서울특별시 노원구 중계로4길 22,1135010600,,127.0846621,37.6435614
01730,서울특별시 노원구 중계로2마길 17,1135010600,,127.0838645,37.6425094
01730,서울특별시 노원구 중계로2마길 3,1135010600,,127.0843493,37.6423747
01730,서울특별시 노원구 중계로2마길 18,1135010600,,127.0844102,37.6422821
01730,서울특별시 노원구 중계로2마길 3,1135010600,,127.0838645,37.6425094
01729,서울특별시 노원구 중계로4길 75,1135010600,,127.0867265,37.6422421
01729,서울특별시 노원구 중계로4길 71,1135010600,,127.0866573,37.6423247
01731,서울특별시 노원구 중계로4길 86,1135010600,,127.0866938,37.6417581
01729,서울특별시 노원구 중계로4길 27,1135010600,,127.0849131,37.6437627
01729,서울특별시 노원구 중계로4길 105,1135010600,,127.0874370,37.6411921
01730,서울특별시 노원구 중계로2라길 11,1135010600,,127.0843535,37.6418573
01731,서울특별시 노원구 중계로2라길 12,1135010600,,127.0843908,37.6417284
01699,서울특별시 노원구 한글비석로15길 12,1135010600,,127.0741261,37.6577734
01719,서울특별시 노원구 한글비석로12길 51,1135010600,,127.0803507,37.6549501
01721,서울특별시 노원구 한글비석로12길 51,1135010600,,127.0803507,37.6549501
01721,서울특별시 노원구 한글비석로12길 51,1135010600,,127.0803507,37.6549501
01719,서울특별시 노원구 한글비석로12길 51,1135010600,,127.0803507,37.6549501
01722,서울특별시 노원구 중계로14사길 13,1135010600,,127.0860876,37.6420429
01731,서울특별시 노원구 중계로4다길 12,1135010600,,127.0831990,37.6503846
01729,서울특별시 노원구 중계로6라길 20,1135010600,,127.0891080,37.6439322
01731,서울특별시 노원구 중계로4마길 4,1135010600,,127.0859422,37.6411650
01731,서울특별시 노원구 중계로2나길 31,1135010600,,127.0848265,37.6406957
01731,서울특별시 노원구 중계로2다길 35,1135010600,,127.0853393,37.6411872
01729,서울특별시 노원구 중계로4길 110,1135010600,,127.0877461,37.6411388
01729,서울특별시 노원구 중계로4길 47,1135010600,,127.0859200,37.6433345
01729,서울특별시 노원구 중계로4길 43,1135010600,,127.0843580,37.6434289
01730,서울특별시 노원구 중계로4길 16,1135010600,,127.0857887,37.6434443
01731,서울특별시 노원구 중계로4라길 5,1135010600,,127.0853099,37.6415990
01732,서울특별시 노원구 중계로 56,1135010600,,127.0831364,37.6410882
01728,서울특별시 노원구 중계로 98,1135010600,,127.0831364,37.6410882
01732,서울특별시 노원구 중계로 56,1135010600,,127.0832346,37.6446278
01740,서울특별시 노원구 중계로 99,1135010600,,127.0826300,37.6447970
01740,서울특별시 노원구 중계로 101,1135010600,,127.0825089,37.6449363
01722,서울특별시 노원구 중계로14사길 17,1135010600,,127.0853880,37.6420482
01730,서울특별시 노원구 중계로4다길 1,1135010600,,127.0834065,37.6503834
01731,서울특별시 노원구 중계로4다길 18,1135010600,,127.0863856,37.6422115
01731,서울특별시 노원구 중계로4다길 8,1135010600,,127.0858194,37.6420350
01731,서울특별시 노원구 중계로4다길 10,1135010600,,127.0863856,37.6422115
01731,서울특별시 노원구 중계로4다길 18,1135010600,,127.0859829,37.6420093
01731,서울특별시 노원구 중계로4다길 18,1135010600,,127.0863856,37.6422115
01731,서울특별시 노원구 중계로4다길 18,1135010600,,127.0863856,37.6422115
01730,서울특별시 노원구 중계로4다길 7,1135010600,,127.0863856,37.6422115
01731,서울특별시 노원구 중계로4다길 18,1135010600,,127.0827485,37.6511848
01731,서울특별시 노원구 중계로4다길 18,1135010600,,127.0818501,37.6511170
01722,서울특별시 노원구 중계로16길 90,1135010600,,127.0832081,37.6509306
01722,서울특별시 노원구 중계로16길 41,1135010600,,127.0856973,37.6421445
01722,서울특별시 노원구 중계로16길 26,1135010600,,127.0863856,37.6422115
01722,서울특별시 노원구 중계로16길 52,1135010600,,127.0853842,37.6509761
01722,서울특별시 노원구 중계로16길 37,1135010600,,127.0825419,37.6512049
01722,서울특별시 노원구 중계로16길 59,1135010600,,127.0823411,37.6510527
01722,서울특별시 노원구 중계로16길 55,1135010600,,127.0837124,37.6510690
01722,서울특별시 노원구 중계로16길 36,1135010600,,127.0835395,37.6511106
01730,서울특별시 노원구 중계로4길 20,1135010600,,127.0845333,37.6435008
01722,서울특별시 노원구 중계로14마길 13,1135010600,,127.0848868,37.6412157
01722,서울특별시 노원구 중계로14마길 6,1135010600,,127.0832572,37.6494704
01731,서울특별시 노원구 중계로2다길 21,1135010600,,127.0836809,37.6493256
01731,서울특별시 노원구 중계로2다길 8,1135010600,,127.0841488,37.6411246
01731,서울특별시 노원구 중계로2다길 29,1135010600,,127.0852896,37.6410799
01731,서울특별시 노원구 중계로2다길 15,1135010600,,127.0852155,37.6408316
01731,서울특별시 노원구 중계로2나길 39,1135010600,,127.0845528,37.6412205
01731,서울특별시 노원구 중계로2나길 15,1135010600,,127.0841341,37.6405771
01731,서울특별시 노원구 중계로2나길 43,1135010600,,127.0865289,37.6424605
01729,서울특별시 노원구 중계로4길 67,1135010600,,127.0862264,37.6429388
01729,서울특별시 노원구 중계로4길 55,1135010600,,127.0854342,37.6408396
01729,서울특별시 노원구 중계로4길 134,1135010600,,127.0868664,37.6420327
01730,서울특별시 노원구 중계로4길 64,1135010600,,127.0859200,37.6433345
01729,서울특별시 노원구 중계로4길 47,1135010600,,127.0863042,37.6425658
01730,서울특별시 노원구 중계로4길 52,1135010600,,127.0859719,37.6430559
01730,서울특별시 노원구 중계로4길 50,1135010600,,127.0858635,37.6431672
01730,서울특별시 노원구 중계로4길 68,1135010600,,127.0856372,37.6416131
01730,서울특별시 노원구 중계로4길 66,1135010600,,127.0863256,37.6425372
01731,서울특별시 노원구 중계로4나길 51,1135010600,,127.0863567,37.6424811
01730,서울특별시 노원구 중계로4나길 25,1135010600,,127.0853042,37.6427482
01731,서울특별시 노원구 중계로4나길 51,1135010600,,127.0856372,37.6416131
01731,서울특별시 노원구 중계로4나길 51,1135010600,,127.0855727,37.6416131
01731,서울특별시 노원구 중계로4나길 47,1135010600,,127.0856372,37.6417526
01731,서울특별시 노원구 중계로4나길 47,1135010600,,127.0855727,37.6417526
01715,서울특별시 노원구 덕릉로92길 19,1135010600,,127.0762959,37.6609744
01715,서울특별시 노원구 덕릉로92길 11,1135010600,,127.0765967,37.6608567
01715,서울특별시 노원구 덕릉로92길 16,1135010600,,127.0765967,37.6608567
01715,서울특별시 노원구 덕릉로92길 16,1135010600,,127.0767121,37.6609737
01729,서울특별시 노원구 중계로4길 110,1135010600,,127.0877461,37.6411388
01731,서울특별시 노원구 중계로4길 106,1135010600,,127.0874748,37.6410706
01729,서울특별시 노원구 중계로4길 57,1135010600,,127.0868365,37.6420776
01729,서울특별시 노원구 중계로4길 136,1135010600,,127.0862553,37.6429067
01729,서울특별시 노원구 중계로4길 63,1135010600,,127.0862264,37.6429388
01729,서울특별시 노원구 중계로4길 55,1135010600,,127.0863674,37.6427094
01729,서울특별시 노원구 중계로4길 95,1135010600,,127.0873164,37.6413417
01729,서울특별시 노원구 중계로4길 17,1135010600,,127.0843550,37.6435679
01729,서울특별시 노원구 중계로4길 124,1135010600,,127.0872315,37.6417732
01731,서울특별시 노원구 중계로4나길 50,1135010600,,127.0854759,37.6415938
01730,서울특별시 노원구 중계로4나길 11,1135010600,,127.0862685,37.6421672
01731,서울특별시 노원구 중계로4다길 16,1135010600,,127.0846421,37.6430588
01731,서울특별시 노원구 중계로4다길 18,1135010600,,127.0863856,37.6422115
01731,서울특별시 노원구 중계로4다길 10,1135010600,,127.0859829,37.6420093
01730,서울특별시 노원구 중계로4다길 11,1135010600,,127.0858778,37.6422198
01731,서울특별시 노원구 중계로4다길 18,1135010600,,127.0863856,37.6422115
01731,서울특별시 노원구 중계로4다길 18,1135010600,,127.0860928,37.6422376
01730,서울특별시 노원구 중계로4다길 13,1135010600,,127.0863856,37.6422115
01731,서울특별시 노원구 중계로4다길 6,1135010600,,127.0857386,37.6420141
01731,서울특별시 노원구 중계로4다길 18,1135010600,,127.0863856,37.6422115
01731,서울특별시 노원구 중계로4다길 18,1135010600,,127.0863856,37.6422115
01731,서울특별시 노원구 중계로4다길 10,1135010600,,127.0859829,37.6420093
01731,서울특별시 노원구 중계로4다길 18,1135010600,,127.0863856,37.6422115
01731,서울특별시 노원구 중계로4다길 18,1135010600,,127.0863856,37.6422115
01730,서울특별시 노원구 중계로4다길 11,1135010600,,127.0858778,37.6422198
01730,서울특별시 노원구 중계로4다길 11,1135010600,,127.0858778,37.6422198
01731,서울특별시 노원구 중계로4다길 18,1135010600,,127.0828605,37.6509868
01722,서울특별시 노원구 중계로16길 46,1135010600,,127.0863856,37.6422115
01722,서울특별시 노원구 중계로16길 23,1135010600,,127.0817712,37.6513218
01722,서울특별시 노원구 중계로16가길 17,1135010600,,127.0815366,37.6509609
01722,서울특별시 노원구 중계로16가길 5,1135010600,,127.0821489,37.6508585
01722,서울특별시 노원구 중계로16가길 4,1135010600,,127.0815771,37.6511505
01729,서울특별시 노원구 중계로6가길 62,1135010600,,127.0870957,37.6446762
01729,서울특별시 노원구 중계로6가길 56,1135010600,,127.0871461,37.6445167
01729,서울특별시 노원구 중계로6가길 54,1135010600,,127.0870043,37.6444919
01729,서울특별시 노원구 중계로6가길 56,1135010600,,127.0871461,37.6445167
01729,서울특별시 노원구 중계로6가길 38,1135010600,,127.0861113,37.6441371
01729,서울특별시 노원구 중계로6가길 36,1135010600,,127.0860084,37.6440686
01729,서울특별시 노원구 중계로6가길 18,1135010600,,127.0871461,37.6445167
01729,서울특별시 노원구 중계로6가길 56,1135010600,,127.0850620,37.6439018
01729,서울특별시 노원구 중계로6가길 9,1135010600,,127.0845973,37.6442044
01729,서울특별시 노원구 중계로6라길 21,1135010600,,127.0836112,37.6442852
01662,서울특별시 노원구 덕릉로83길 20,1135010600,,127.0892921,37.6439373
01728,서울특별시 노원구 중계로6길 1,1135010600,,127.0745245,37.6602945
01729,서울특별시 노원구 중계로8나길 45,1135010600,,127.0843659,37.6444426
01732,서울특별시 노원구 중계로 56,1135010600,,127.0834865,37.6438892
01729,서울특별시 노원구 중계로 90,1135010600,,127.0831364,37.6410882
01722,서울특별시 노원구 중계로14길 62,1135010600,,127.0832670,37.6506904
01722,서울특별시 노원구 중계로14길 34,1135010600,,127.0824291,37.6498718
01729,서울특별시 노원구 중계로6라길 21,1135010600,,127.0892921,37.6439373
01729,서울특별시 노원구 중계로6라길 23,1135010600,,127.0893727,37.6439453
01729,서울특별시 노원구 중계로6라길 23,1135010600,,127.0893727,37.6439453
01729,서울특별시 노원구 중계로6라길 23,1135010600,,127.0893727,37.6439453
01729,서울특별시 노원구 중계로6라길 23,1135010600,,127.0894426,37.6438916
01729,서울특별시 노원구 중계로6라길 25,1135010600,,127.0893727,37.6439453
01715,서울특별시 노원구 덕릉로 712,1135010600,,127.0758760,37.6610182
01699,서울특별시 노원구 덕릉로 663,1135010600,,127.0745481,37.6567990
01699,서울특별시 노원구 덕릉로 665,1135010600,,127.0746474,37.6570119
01729,서울특별시 노원구 중계로6가길 61,1135010600,,127.0871567,37.6447816
01729,서울특별시 노원구 중계로6가길 56,1135010600,,127.0871461,37.6445167
01729,서울특별시 노원구 중계로4길 87,1135010600,,127.0870025,37.6416931
01730,서울특별시 노원구 중계로4길 60,1135010600,,127.0868664,37.6420327
01729,서울특별시 노원구 중계로4길 134,1135010600,,127.0840485,37.6434258
01729,서울특별시 노원구 중계로4길 11,1135010600,,127.0861717,37.6427637
01729,서울특별시 노원구 중계로4길 81,1135010600,,127.0867774,37.6419436
01732,서울특별시 노원구 중계로2길 29,1135010600,,127.0834096,37.6411277
01730,서울특별시 노원구 중계로2길 58,1135010600,,127.0837967,37.6421739
01730,서울특별시 노원구 중계로2길 56,1135010600,,127.0838274,37.6420913
01730,서울특별시 노원구 중계로2길 74,1135010600,,127.0837197,37.6429178
01730,서울특별시 노원구 중계로2길 62,1135010600,,127.0838458,37.6423005
01732,서울특별시 노원구 중계로2길 37,1135010600,,127.0835821,37.6412915
01732,서울특별시 노원구 중계로2길 51,1135010600,,127.0835250,37.6419535
01715,서울특별시 노원구 덕릉로 688,1135010600,,127.0831102,37.6428906
01740,서울특별시 노원구 중계로 79,1135010600,,127.0755910,37.6589585
01740,서울특별시 노원구 중계로 111,1135010600,,127.0843139,37.6492928
01722,서울특별시 노원구 중계로14다길 43,1135010600,,127.0818487,37.6454741
01722,서울특별시 노원구 중계로14다길 45,1135010600,,127.0821053,37.6473590
01726,서울특별시 노원구 중계로12가길 2,1135010600,,127.0827993,37.6480795
01725,서울특별시 노원구 중계로12가길 23,1135010600,,127.0823527,37.6462765
01726,서울특별시 노원구 중계로10길 16,1135010600,,127.0844333,37.6493133
01740,서울특별시 노원구 중계로 103,1135010600,,127.0824378,37.6450066
01740,서울특별시 노원구 중계로 103,1135010600,,127.0824378,37.6450066
01740,서울특별시 노원구 중계로 99,1135010600,,127.0826300,37.6447970
01732,서울특별시 노원구 중계로 64,1135010600,,127.0832125,37.6415576
01729,서울특별시 노원구 중계로6라길 4,1135010600,,127.0884535,37.6443383
01729,서울특별시 노원구 중계로6라길 8,1135010600,,127.0885508,37.6442409
01722,서울특별시 노원구 중계로14마길 12,1135010600,,127.0834234,37.6492404
01722,서울특별시 노원구 중계로14마길 3,1135010600,,127.0832608,37.6496685
01722,서울특별시 노원구 중계로14라길 37,1135010600,,127.0841836,37.6497970
01722,서울특별시 노원구 중계로14라길 35,1135010600,,127.0827274,37.6498553
01722,서울특별시 노원구 중계로14라길 9,1135010600,,127.0839563,37.6497483
01722,서울특별시 노원구 중계로14라길 34,1135010600,,127.0840036,37.6495750
01731,서울특별시 노원구 중계로4다길 18,1135010600,,127.0863856,37.6422115
01729,서울특별시 노원구 중계로6길 33,1135010600,,127.0851264,37.6438496
01731,서울특별시 노원구 중계로4다길 18,1135010600,,127.0863856,37.6422115
01722,서울특별시 노원구 중계로14바길 2,1135010600,,127.0825871,37.6498824
01740,서울특별시 노원구 중계로 75,1135010600,,127.0831518,37.6426072
01732,서울특별시 노원구 중계로 56,1135010600,,127.0831364,37.6410882
01732,서울특별시 노원구 중계로 56,1135010600,,127.0831364,37.6410882
01732,서울특별시 노원구 중계로 56,1135010600,,127.0831364,37.6410882
01732,서울특별시 노원구 중계로 56,1135010600,,127.0831364,37.6410882
01740,서울특별시 노원구 중계로 115,1135010600,,127.0810465,37.6490627
01724,서울특별시 노원구 중계로 158,1135010600,,127.0818725,37.6458036
01724,서울특별시 노원구 중계로 166,1135010600,,127.0812029,37.6498761
01732,서울특별시 노원구 중계로 56,1135010600,,127.0831364,37.6410882
01728,서울특별시 노원구 중계로6길 1,1135010600,,127.0836112,37.6442852
01729,서울특별시 노원구 중계로6길 97,1135010600,,127.0885506,37.6446358
01729,서울특별시 노원구 중계로6길 53,1135010600,,127.0861809,37.6441095
01729,서울특별시 노원구 중계로6길 91,1135010600,,127.0882098,37.6445695
01729,서울특별시 노원구 중계로6길 105,1135010600,,127.0889904,37.6446430
01729,서울특별시 노원구 중계로6길 84,1135010600,,127.0880224,37.6441420
01729,서울특별시 노원구 중계로6길 100,1135010600,,127.0886884,37.6445225
01730,서울특별시 노원구 중계로4다길 17,1135010600,,127.0859775,37.6439245
01662,서울특별시 노원구 덕릉로83길 9,1135010600,,127.0745160,37.6594167
01729,서울특별시 노원구 중계로6길 50,1135010600,,127.0890380,37.6441911
01729,서울특별시 노원구 중계로6라길 15,1135010600,,127.0842666,37.6417238
01731,서울특별시 노원구 중계로2라길 8,1135010600,,127.0842666,37.6417238
01731,서울특별시 노원구 중계로2라길 8,1135010600,,127.0863297,37.6422939
01731,서울특별시 노원구 중계로2라길 8,1135010600,,127.0842666,37.6417238
01662,서울특별시 노원구 한글비석로20길 19,1135010600,,127.0737310,37.6600849
01731,서울특별시 노원구 중계로2라길 22,1135010600,,127.0847643,37.6416814
01732,서울특별시 노원구 중계로2길 81,1135010600,,127.0834422,37.6432111
01729,서울특별시 노원구 중계로6길 20,1135010600,,127.0845005,37.6437747
01729,서울특별시 노원구 중계로6나길 5,1135010600,,127.0863210,37.6438893
01729,서울특별시 노원구 중계로6길 84,1135010600,,127.0880224,37.6441420
01731,서울특별시 노원구 중계로4다길 18,1135010600,,127.0863856,37.6422115
01787,서울특별시 노원구 노원로19길 23,1135010600,,127.0694715,37.6446642
01699,서울특별시 노원구 덕릉로 663,1135010600,,127.0745481,37.6567990
01699,서울특별시 노원구 덕릉로 663,1135010600,,127.0745481,37.6567990
01731,서울특별시 노원구 중계로4다길 18,1135010600,,127.0863856,37.6422115
01731,서울특별시 노원구 중계로4다길 18,1135010600,,127.0863856,37.6422115
01731,서울특별시 노원구 중계로4다길 18,1135010600,,127.0857641,37.6421685
01730,서울특별시 노원구 중계로4다길 9,1135010600,,127.0863856,37.6422115
01731,서울특별시 노원구 중계로4다길 14,1135010600,,127.0861716,37.6421538
01731,서울특별시 노원구 중계로4다길 18,1135010600,,127.0863856,37.6422115
01730,서울특별시 노원구 중계로4다길 15,1135010600,,127.0862410,37.6422606
01731,서울특별시 노원구 중계로4다길 18,1135010600,,127.0863856,37.6422115
01731,서울특별시 노원구 중계로4다길 2,1135010600,,127.0855831,37.6419393
01731,서울특별시 노원구 중계로4다길 18,1135010600,,127.0863856,37.6422115
01731,서울특별시 노원구 중계로2다길 4,1135010600,,127.0842256,37.6411360
01731,서울특별시 노원구 중계로2다길 10,1135010600,,127.0859829,37.6420093
01731,서울특별시 노원구 중계로4다길 10,1135010600,,127.0838627,37.6411508
01731,서울특별시 노원구 중계로4다길 10,1135010600,,127.0859829,37.6420093
01730,서울특별시 노원구 중계로4다길 5,1135010600,,127.0863856,37.6422115
01731,서울특별시 노원구 중계로4다길 18,1135010600,,127.0894426,37.6438916
01729,서울특별시 노원구 중계로6라길 25,1135010600,,127.0856435,37.6421461
01729,서울특별시 노원구 중계로6라길 9,1135010600,,127.0887082,37.6443526
01729,서울특별시 노원구 중계로6라길 8,1135010600,,127.0885508,37.6442409
01729,서울특별시 노원구 중계로6라길 3,1135010600,,127.0893367,37.6437250
01729,서울특별시 노원구 중계로6라길 26,1135010600,,127.0886175,37.6445116
01729,서울특별시 노원구 중계로6라길 4,1135010600,,127.0884535,37.6443383
01729,서울특별시 노원구 중계로6라길 9,1135010600,,127.0887082,37.6443526
01740,서울특별시 노원구 중계로 79,1135010600,,127.0831102,37.6428906
01740,서울특별시 노원구 중계로 75,1135010600,,127.0825896,37.6413554
01740,서울특별시 노원구 중계로 57,1135010600,,127.0831518,37.6426072
01740,서울특별시 노원구 중계로 75,1135010600,,127.0831518,37.6426072
01740,서울특별시 노원구 중계로 77,1135010600,,127.0758760,37.6610182
01732,서울특별시 노원구 중계로 68,1135010600,,127.0834199,37.6419770
01715,서울특별시 노원구 덕릉로 712,1135010600,,127.0830828,37.6427927
01728,서울특별시 노원구 중계로 100,1135010600,,127.0830680,37.6447722
01731,서울특별시 노원구 중계로4나길 49,1135010600,,127.0856015,37.6417132
01730,서울특별시 노원구 중계로4나길 35,1135010600,,127.0853380,37.6422427
01731,서울특별시 노원구 중계로4나길 49,1135010600,,127.0856015,37.6417132
01730,서울특별시 노원구 중계로4나길 24,1135010600,,127.0852701,37.6423769
01730,서울특별시 노원구 중계로4나길 33,1135010600,,127.0850915,37.6426766
01730,서울특별시 노원구 중계로4나길 31,1135010600,,127.0852865,37.6424550
01730,서울특별시 노원구 중계로4나길 28,1135010600,,127.0851727,37.6425289
01731,서울특별시 노원구 중계로4나길 51,1135010600,,127.0856372,37.6416131
01730,서울특별시 노원구 중계로4나길 6,1135010600,,127.0843077,37.6431142
01730,서울특별시 노원구 중계로2길 68,1135010600,,127.0838143,37.6426306
01732,서울특별시 노원구 중계로2길 53,1135010600,,127.0836393,37.6431075
01730,서울특별시 노원구 중계로2길 78,1135010600,,127.0835883,37.6418281
01732,서울특별시 노원구 중계로2길 47,1135010600,,127.0835882,37.6420089
01730,서울특별시 노원구 중계로2길 68,1135010600,,127.0838143,37.6426306
01730,서울특별시 노원구 중계로2길 78,1135010600,,127.0836393,37.6431075
01733,서울특별시 노원구 중계로2길 32,1135010600,,127.0835836,37.6432724
01729,서울특별시 노원구 중계로2길 82,1135010600,,127.0835823,37.6410125
01730,서울특별시 노원구 중계로2길 72,1135010600,,127.0837693,37.6428151
01732,서울특별시 노원구 중계로2길 57,1135010600,,127.0836517,37.6421574
01662,서울특별시 노원구 덕릉로83길 25,1135010600,,127.0748861,37.6599900
01662,서울특별시 노원구 덕릉로83길 10,1135010600,,127.0739820,37.6601232
01730,서울특별시 노원구 중계로4나길 7,1135010600,,127.0844947,37.6431842
01730,서울특별시 노원구 중계로4나길 5,1135010600,,127.0843792,37.6432274
01699,서울특별시 노원구 한글비석로19길 16,1135010600,,127.0758760,37.6610182
01715,서울특별시 노원구 덕릉로 712,1135010600,,127.0727477,37.6584771
01715,서울특별시 노원구 덕릉로 712,1135010600,,127.0758760,37.6610182
01715,서울특별시 노원구 덕릉로 712,1135010600,,127.0758760,37.6610182
01715,서울특별시 노원구 덕릉로 712,1135010600,,127.0758760,37.6610182
01729,서울특별시 노원구 중계로6라길 18,1135010600,,127.0889614,37.6440578
01729,서울특별시 노원구 중계로6라길 4,1135010600,,127.0884535,37.6443383
01729,서울특별시 노원구 중계로6라길 14,1135010600,,127.0888100,37.6441567
01729,서울특별시 노원구 중계로6라길 26,1135010600,,127.0885508,37.6442409
01729,서울특별시 노원구 중계로6라길 8,1135010600,,127.0893367,37.6437250
01729,서울특별시 노원구 중계로6라길 28,1135010600,,127.0893948,37.6437039
01729,서울특별시 노원구 중계로6라길 14,1135010600,,127.0888100,37.6441567
01729,서울특별시 노원구 중계로6라길 15,1135010600,,127.0885508,37.6442409
01729,서울특별시 노원구 중계로6라길 8,1135010600,,127.0890380,37.6441911
01729,서울특별시 노원구 중계로6라길 25,1135010600,,127.0894426,37.6438916
01729,서울특별시 노원구 중계로6라길 14,1135010600,,127.0888100,37.6441567
01729,서울특별시 노원구 중계로6라길 24,1135010600,,127.0884988,37.6442976
01729,서울특별시 노원구 중계로6라길 6,1135010600,,127.0892536,37.6438398
01722,서울특별시 노원구 중계로14라길 8,1135010600,,127.0825455,37.6496936
01722,서울특별시 노원구 중계로14다길 55,1135010600,,127.0848850,37.6492995
01729,서울특별시 노원구 중계로6가길 11,1135010600,,127.0847257,37.6442370
01729,서울특별시 노원구 중계로6길 42,1135010600,,127.0855439,37.6437609
01729,서울특별시 노원구 중계로6길 22,1135010600,,127.0844165,37.6438770
01729,서울특별시 노원구 중계로6라길 11,1135010600,,127.0888138,37.6443053
01729,서울특별시 노원구 중계로6라길 23,1135010600,,127.0893727,37.6439453
01729,서울특별시 노원구 중계로6라길 15,1135010600,,127.0890380,37.6441911
01730,서울특별시 노원구 중계로4바길 41,1135010600,,127.0857570,37.6425927
01731,서울특별시 노원구 중계로2다길 11,1135010600,,127.0842756,37.6412719
01731,서울특별시 노원구 중계로2다길 11,1135010600,,127.0842756,37.6412719
01731,서울특별시 노원구 중계로2다길 20,1135010600,,127.0846811,37.6411235
01731,서울특별시 노원구 중계로2다길 19,1135010600,,127.0846895,37.6413082
01731,서울특별시 노원구 중계로2다길 23,1135010600,,127.0850515,37.6411159
01731,서울특별시 노원구 중계로2다길 17,1135010600,,127.0850515,37.6411159
01731,서울특별시 노원구 중계로2다길 23,1135010600,,127.0846732,37.6412375
01731,서울특별시 노원구 중계로2다길 23,1135010600,,127.0850515,37.6411159
01715,서울특별시 노원구 덕릉로92길 16,1135010600,,127.0765967,37.6608567
01731,서울특별시 노원구 중계로4라길 2,1135010600,,127.0853153,37.6418468
01731,서울특별시 노원구 중계로4라길 11,1135010600,,127.0852367,37.6414813
01731,서울특별시 노원구 중계로4라길 10,1135010600,,127.0850698,37.6415771
01731,서울특별시 노원구 중계로4라길 23,1135010600,,127.0856314,37.6411695
01731,서울특별시 노원구 중계로4라길 9,1135010600,,127.0854160,37.6417811
01731,서울특별시 노원구 중계로4라길 3,1135010600,,127.0852001,37.6415460
01730,서울특별시 노원구 중계로4길 28,1135010600,,127.0849173,37.6436343
01731,서울특별시 노원구 중계로4길 78,1135010600,,127.0865411,37.6421249
01662,서울특별시 노원구 덕릉로83길 19,1135010600,,127.0846672,37.6429003
01730,서울특별시 노원구 중계로4나길 16,1135010600,,127.0742166,37.6598069
01731,서울특별시 노원구 중계로2길 48,1135010600,,127.0837425,37.6417478
01732,서울특별시 노원구 중계로2길 83,1135010600,,127.0834194,37.6432918
01732,서울특별시 노원구 중계로2길 27,1135010600,,127.0833607,37.6409638
01732,서울특별시 노원구 중계로2길 61,1135010600,,127.0836385,37.6423563
01732,서울특별시 노원구 중계로2길 29,1135010600,,127.0834096,37.6411277
01730,서울특별시 노원구 중계로2길 72,1135010600,,127.0837693,37.6428151
01730,서울특별시 노원구 중계로2길 68,1135010600,,127.0852181,37.6419441
01730,서울특별시 노원구 중계로2길 50,1135010600,,127.0838143,37.6426306
01730,서울특별시 노원구 중계로2라길 13,1135010600,,127.0837780,37.6418762
01730,서울특별시 노원구 중계로2라길 29,1135010600,,127.0844565,37.6418623
01731,서울특별시 노원구 중계로2다길 13,1135010600,,127.0844376,37.6412566
01731,서울특별시 노원구 중계로2다길 20,1135010600,,127.0846811,37.6411235
01731,서울특별시 노원구 중계로2다길 4,1135010600,,127.0838627,37.6411508
01731,서울특별시 노원구 중계로2다길 31,1135010600,,127.0853609,37.6411138
01731,서울특별시 노원구 중계로2다길 14,1135010600,,127.0843488,37.6411305
01731,서울특별시 노원구 중계로2다길 19,1135010600,,127.0846895,37.6413082
01731,서울특별시 노원구 중계로2다길 27,1135010600,,127.0851384,37.6410889
01731,서울특별시 노원구 중계로2다길 19,1135010600,,127.0846895,37.6413082
01722,서울특별시 노원구 중계로14라길 15,1135010600,,127.0877185,37.6413958
01730,서울특별시 노원구 중계로4길 40,1135010600,,127.0855362,37.6434527
01729,서울특별시 노원구 중계로4길 114,1135010600,,127.0828075,37.6497981
01729,서울특별시 노원구 중계로4길 116,1135010600,,127.0877014,37.6414310
01729,서울특별시 노원구 중계로4길 116,1135010600,,127.0853583,37.6418740
01731,서울특별시 노원구 중계로2라길 16,1135010600,,127.0845957,37.6417625
01731,서울특별시 노원구 중계로4나길 42,1135010600,,127.0877014,37.6414310
01730,서울특별시 노원구 중계로4나길 11,1135010600,,127.0846421,37.6430588
01730,서울특별시 노원구 중계로4나길 8,1135010600,,127.0844287,37.6430439
01730,서울특별시 노원구 중계로4나길 12,1135010600,,127.0845547,37.6429623
01730,서울특별시 노원구 중계로4나길 10,1135010600,,127.0843838,37.6430644
01730,서울특별시 노원구 중계로4나길 34,1135010600,,127.0850970,37.6422753
01731,서울특별시 노원구 중계로4나길 64,1135010600,,127.0840435,37.6407971
01730,서울특별시 노원구 중계로4나길 4,1135010600,,127.0842816,37.6431750
01731,서울특별시 노원구 중계로2나길 11,1135010600,,127.0856774,37.6410003
01730,서울특별시 노원구 중계로2라길 27,1135010600,,127.0851229,37.6419163
01730,서울특별시 노원구 중계로2라길 5,1135010600,,127.0842927,37.6411334
01731,서울특별시 노원구 중계로2다길 12,1135010600,,127.0840076,37.6418360
01731,서울특별시 노원구 중계로2다길 8,1135010600,,127.0841488,37.6411246
01731,서울특별시 노원구 중계로2다길 23,1135010600,,127.0850515,37.6411159
01729,서울특별시 노원구 중계로6가길 13,1135010600,,127.0771725,37.6601558
01717,서울특별시 노원구 덕릉로86길 29,1135010600,,127.0847106,37.6437932
01729,서울특별시 노원구 중계로6길 24,1135010600,,127.0849429,37.6440586
01729,서울특별시 노원구 중계로6길 24,1135010600,,127.0847106,37.6437932
01729,서울특별시 노원구 중계로6나길 30,1135010600,,127.0751993,37.6575233
01711,서울특별시 노원구 덕릉로 672,1135010600,,127.0867667,37.6426145
01711,서울특별시 노원구 덕릉로 672,1135010600,,127.0751993,37.6575233
01768,서울특별시 노원구 동일로 1309,1135010600,,127.0634743,37.6458932
01768,서울특별시 노원구 동일로 1309,1135010600,,127.0634743,37.6458932
01768,서울특별시 노원구 동일로 1309,1135010600,,127.0634743,37.6458932
01760,서울특별시 노원구 동일로 1310,1135010600,,127.0639800,37.6459073
01731,서울특별시 노원구 중계로4나길 51,1135010600,,127.0856372,37.6416131
01722,서울특별시 노원구 중계로14바길 21,1135010600,,127.0840076,37.6418360
01722,서울특별시 노원구 중계로14바길 23,1135010600,,127.0835991,37.6500495
01715,서울특별시 노원구 덕릉로82길 17,1135010600,,127.0836957,37.6500072
01730,서울특별시 노원구 중계로2라길 5,1135010600,,127.0763600,37.6584175
01722,서울특별시 노원구 중계로14라길 26,1135010600,,127.0835441,37.6496198
01722,서울특별시 노원구 중계로14라길 28,1135010600,,127.0836243,37.6495967
01662,서울특별시 노원구 한글비석로22길 28,1135010600,,127.0737693,37.6606868
01722,서울특별시 노원구 중계로16다길 7,1135010600,,127.0825000,37.6515472
01729,서울특별시 노원구 중계로6라길 8,1135010600,,127.0885508,37.6442409
01699,서울특별시 노원구 한글비석로 357,1135010600,,127.0751165,37.6614854
01662,서울특별시 노원구 한글비석로20길 60,1135010600,,127.0871461,37.6445167
01729,서울특별시 노원구 중계로6가길 56,1135010600,,127.0749281,37.6577500
01699,서울특별시 노원구 한글비석로 371,1135010600,,127.0736095,37.6585918
01729,서울특별시 노원구 중계로6나길 32,1135010600,,127.0868477,37.6427546
01729,서울특별시 노원구 중계로6나길 32,1135010600,,127.0868477,37.6427546
01729,서울특별시 노원구 중계로6나길 32,1135010600,,127.0868477,37.6427546
01729,서울특별시 노원구 중계로6나길 8,1135010600,,127.0862716,37.6436596
01715,서울특별시 노원구 덕릉로 704,1135010600,,127.0729915,37.6529944
01707,서울특별시 노원구 한글비석로15길 117,1135010600,,127.0845361,37.6431278
01730,서울특별시 노원구 중계로4나길 9,1135010600,,127.0757616,37.6604219
01662,서울특별시 노원구 한글비석로22길 26,1135010600,,127.0737158,37.6606280
01722,서울특별시 노원구 중계로16길 48,1135010600,,127.0877461,37.6411388
01729,서울특별시 노원구 중계로4길 112,1135010600,,127.0830326,37.6509138
01729,서울특별시 노원구 중계로4길 110,1135010600,,127.0877366,37.6413318
01729,서울특별시 노원구 중계로4길 15,1135010600,,127.0842909,37.6435236
01729,서울특별시 노원구 중계로4길 37,1135010600,,127.0868779,37.6414641
01731,서울특별시 노원구 중계로4길 92,1135010600,,127.0855202,37.6435880
01731,서울특별시 노원구 중계로2다길 19,1135010600,,127.0846895,37.6413082
01731,서울특별시 노원구 중계로2다길 23,1135010600,,127.0850515,37.6411159
01731,서울특별시 노원구 중계로2다길 23,1135010600,,127.0841488,37.6411246
01731,서울특별시 노원구 중계로2다길 8,1135010600,,127.0758760,37.6610182
01715,서울특별시 노원구 덕릉로 712,1135010600,,127.0850515,37.6411159
01715,서울특별시 노원구 덕릉로 702,1135010600,,127.0758191,37.6602803
01731,서울특별시 노원구 중계로4나길 48,1135010600,,127.0856015,37.6417132
01731,서울특별시 노원구 중계로4나길 49,1135010600,,127.0849552,37.6427380
01730,서울특별시 노원구 중계로4나길 20,1135010600,,127.0854369,37.6417089
01730,서울특별시 노원구 중계로4나길 19,1135010600,,127.0850414,37.6428399
01730,서울특별시 노원구 중계로4나길 23,1135010600,,127.0816655,37.6509495
01722,서울특별시 노원구 중계로14바길 26,1135010600,,127.0837888,37.6498841
01722,서울특별시 노원구 중계로16가길 8,1135010600,,127.0851734,37.6427357
01722,서울특별시 노원구 중계로16길 43,1135010600,,127.0828904,37.6511728
01722,서울특별시 노원구 중계로16다길 19,1135010600,,127.0832486,37.6514587
01731,서울특별시 노원구 중계로2나길 41,1135010600,,127.0849378,37.6417327
01731,서울특별시 노원구 중계로2라길 24,1135010600,,127.0853224,37.6409326
01730,서울특별시 노원구 중계로4가길 30,1135010600,,127.0847190,37.6426122
01729,서울특별시 노원구 중계로4길 7,1135010600,,127.0858227,37.6433951
01729,서울특별시 노원구 중계로4길 45,1135010600,,127.0839319,37.6433436
01730,서울특별시 노원구 중계로4나길 14,1135010600,,127.0846256,37.6429299
01730,서울특별시 노원구 중계로4나길 39,1135010600,,127.0863856,37.6422115
01730,서울특별시 노원구 중계로4다길 3,1135010600,,127.0853584,37.6421287
01731,서울특별시 노원구 중계로4다길 18,1135010600,,127.0863856,37.6422115
01731,서울특별시 노원구 중계로4다길 18,1135010600,,127.0855082,37.6420663
01830,서울특별시 노원구 공릉로59가길 22,1135010400,,127.0711396,37.6345200
01830,서울특별시 노원구 공릉로65길 7,1135010400,,127.0706192,37.6354700
01809,서울특별시 노원구 공릉로58가길 14,1135010400,,127.0728252,37.6362689
01829,서울특별시 노원구 동일로 1192,1135010400,,127.0684920,37.6358971
01792,서울특별시 노원구 노원로 186,1135010400,,127.0795073,37.6374356
01792,서울특별시 노원구 노원로 192,1135010400,,127.0801244,37.6373570
01792,서울특별시 노원구 노원로 186,1135010400,,127.0801244,37.6373570
01792,서울특별시 노원구 노원로 186,1135010400,,127.0801244,37.6373570
01792,서울특별시 노원구 노원로 186,1135010400,,127.0748013,37.6392381
01750,서울특별시 노원구 노원로 238,1135010400,,127.0801244,37.6373570
01808,서울특별시 노원구 공릉로58마길 31,1135010400,,127.0778127,37.6363820
01830,서울특별시 노원구 공릉로65길 3,1135010400,,127.0707903,37.6355350
01830,서울특별시 노원구 공릉로65길 10,1135010400,,127.0701414,37.6357696
01830,서울특별시 노원구 공릉로59나길 78,1135010400,,127.0704332,37.6355821
01830,서울특별시 노원구 공릉로59나길 16,1135010400,,127.0701414,37.6357696
01830,서울특별시 노원구 공릉로59나길 78,1135010400,,127.0704858,37.6340609
01830,서울특별시 노원구 공릉로59나길 48,1135010400,,127.0699211,37.6353180
01809,서울특별시 노원구 공릉로62가길 16,1135010400,,127.0733958,37.6365146
01809,서울특별시 노원구 공릉로62가길 46,1135010400,,127.0718370,37.6358918
01806,서울특별시 노원구 공릉로62길 15,1135010400,,127.0746672,37.6370099
01809,서울특별시 노원구 공릉로62길 8,1135010400,,127.0721871,37.6355622
01830,서울특별시 노원구 공릉로63길 20,1135010400,,127.0700789,37.6350006
01830,서울특별시 노원구 공릉로63길 16,1135010400,,127.0702197,37.6350383
01809,서울특별시 노원구 공릉로58나길 9,1135010400,,127.0734263,37.6360187
01809,서울특별시 노원구 공릉로58나길 14,1135010400,,127.0737955,37.6366084
01809,서울특별시 노원구 공릉로58나길 22,1135010400,,127.0737589,37.6362635
01809,서울특별시 노원구 공릉로58나길 19,1135010400,,127.0735248,37.6365512
01809,서울특별시 노원구 공릉로58나길 17,1135010400,,127.0735392,37.6364500
01809,서울특별시 노원구 공릉로58길 29,1135010400,,127.0734645,37.6354741
01809,서울특별시 노원구 공릉로58길 90,1135010400,,127.0724157,37.6340559
01809,서울특별시 노원구 공릉로58길 33,1135010400,,127.0724157,37.6340559
01809,서울특별시 노원구 공릉로58길 29,1135010400,,127.0724203,37.6342008
01809,서울특별시 노원구 공릉로58길 98,1135010400,,127.0739076,37.6355416
01809,서울특별시 노원구 공릉로58길 87,1135010400,,127.0731527,37.6356557
01809,서울특별시 노원구 공릉로58길 110,1135010400,,127.0778127,37.6363820
01808,서울특별시 노원구 공릉로58마길 31,1135010400,,127.0744090,37.6355744
01809,서울특별시 노원구 공릉로62가길 56,1135010400,,127.0699211,37.6353180
01830,서울특별시 노원구 공릉로59나길 48,1135010400,,127.0749419,37.6369102
01829,서울특별시 노원구 동일로 1192,1135010400,,127.0684920,37.6358971
01829,서울특별시 노원구 동일로 1192,1135010400,,127.0684920,37.6358971
01829,서울특별시 노원구 동일로 1192,1135010400,,127.0684920,37.6358971
01829,서울특별시 노원구 동일로 1192,1135010400,,127.0684920,37.6358971
01829,서울특별시 노원구 동일로 1192,1135010400,,127.0669153,37.6353050
01780,서울특별시 노원구 한글비석로 39,1135010400,,127.0684920,37.6358971
01863,서울특별시 노원구 한글비석로 46,1135010400,,127.0679885,37.6364521
01784,서울특별시 노원구 동일로 1196,1135010400,,127.0677040,37.6354393
01791,서울특별시 노원구 한글비석로 107,1135010400,,127.0768314,37.6363287
01808,서울특별시 노원구 공릉로58라길 16,1135010400,,127.0737512,37.6384036
01792,서울특별시 노원구 한글비석로4길 93,1135010400,,127.0817978,37.6400991
01780,서울특별시 노원구 한글비석로 47,1135010400,,127.0675758,37.6357463
01809,서울특별시 노원구 공릉로58길 27,1135010400,,127.0744565,37.6367315
01809,서울특별시 노원구 공릉로58다길 16,1135010400,,127.0724208,37.6338967
01806,서울특별시 노원구 공릉로 326,1135010400,,127.0711855,37.6358957
01808,서울특별시 노원구 공릉로58마길 3,1135010400,,127.0713489,37.6345000
01809,서울특별시 노원구 공릉로58가길 10,1135010400,,127.0731291,37.6359644
01830,서울특별시 노원구 공릉로 307,1135010400,,127.0763811,37.6366889
01808,서울특별시 노원구 공릉로58라길 12,1135010400,,127.0767071,37.6364106
01830,서울특별시 노원구 공릉로 303,1135010400,,127.0719112,37.6360346
01806,서울특별시 노원구 공릉로62길 19,1135010400,,127.0717556,37.6343455
01809,서울특별시 노원구 공릉로 302,1135010400,,127.0721113,37.6341459
01830,서울특별시 노원구 공릉로 321,1135010400,,127.0709063,37.6355592
01806,서울특별시 노원구 공릉로 324,1135010400,,127.0831592,37.6409026
01732,서울특별시 노원구 중계로2길 21,1135010400,,127.0711161,37.6358125
01809,서울특별시 노원구 공릉로58가길 10,1135010400,,127.0731291,37.6359644
01809,서울특별시 노원구 공릉로58길 72,1135010400,,127.0724927,37.6353983
01809,서울특별시 노원구 공릉로58길 104,1135010400,,127.0750181,37.6363329
01809,서울특별시 노원구 공릉로58길 125,1135010400,,127.0742461,37.6354942
01808,서울특별시 노원구 공릉로58길 148,1135010400,,127.0762312,37.6367635
01809,서울특별시 노원구 공릉로58길 121,1135010400,,127.0747988,37.6362914
01792,서울특별시 노원구 한글비석로 182,1135010400,,127.0766422,37.6437936
01790,서울특별시 노원구 한글비석로1길 53,1135010400,,127.0705559,37.6401603
